Date,Longitude,Latitude
10/12/2020 22:17:08,-46.6515625,-23.571205
10/12/2020 22:17:24,-46.6515679,-23.5711867
10/12/2020 22:17:33,-46.6515623,-23.5711865
10/12/2020 22:17:43,-46.6515713,-23.5711913
10/12/2020 22:17:53,-46.6515733,-23.5711965
10/12/2020 22:18:03,-46.651572,-23.5711932
10/12/2020 22:18:14,-46.6515654,-23.5712021
10/12/2020 22:18:24,-46.6515687,-23.5711888
10/12/2020 22:18:33,-46.6515684,-23.5711885
10/12/2020 22:18:43,-46.651567,-23.5711908
10/12/2020 22:19:47,-46.6515657,-23.5711877
10/12/2020 22:19:57,-46.6515642,-23.5711938
10/12/2020 22:20:07,-46.6515688,-23.5711922
10/12/2020 22:20:17,-46.6515685,-23.5711975
10/12/2020 22:20:27,-46.6515579,-23.571197
10/12/2020 22:20:37,-46.6515651,-23.5711983
10/12/2020 22:20:47,-46.6515639,-23.5712027
10/12/2020 22:20:57,-46.6515635,-23.5711914
10/12/2020 22:21:07,-46.6515626,-23.5711868
10/12/2020 22:21:17,-46.6515574,-23.5711893
10/12/2020 22:24:51,-46.6515697,-23.5711972
10/12/2020 22:25:00,-46.6515638,-23.5711897
10/12/2020 22:25:10,-46.6515695,-23.5712052
10/12/2020 22:25:20,-46.651567,-23.5711903
10/12/2020 22:25:30,-46.6515667,-23.5711922
10/12/2020 22:25:40,-46.6515709,-23.5711918
10/12/2020 22:25:50,-46.6515704,-23.571199
10/12/2020 22:26:00,-46.6515662,-23.5712
10/12/2020 22:26:10,-46.651565,-23.5711986
10/12/2020 22:26:20,-46.6515643,-23.5711977
10/12/2020 22:28:19,-46.6515592,-23.5712253
10/12/2020 22:28:29,-46.6515649,-23.5712035
10/12/2020 22:28:39,-46.6515672,-23.5712002
10/12/2020 22:28:50,-46.6515583,-23.5711849
10/12/2020 22:28:59,-46.6515583,-23.5711843
10/12/2020 22:29:09,-46.6515641,-23.5711884
10/12/2020 22:29:19,-46.6515598,-23.5712053
10/12/2020 22:29:29,-46.6515556,-23.571203
10/12/2020 22:29:39,-46.6515669,-23.571199
10/12/2020 22:29:49,-46.6515687,-23.5711996
10/12/2020 22:33:26,-46.6515656,-23.5711995
10/12/2020 22:33:36,-46.651567,-23.57119
10/12/2020 22:33:46,-46.6515681,-23.5711947
10/12/2020 22:33:56,-46.6515581,-23.5712059
10/12/2020 22:34:06,-46.6515633,-23.5712024
10/12/2020 22:34:16,-46.6515644,-23.5712015
10/12/2020 22:34:26,-46.6515579,-23.5712093
10/12/2020 22:34:36,-46.6515532,-23.5712129
10/12/2020 22:34:46,-46.6515567,-23.5712108
10/12/2020 22:34:56,-46.651568,-23.571205
10/12/2020 22:35:06,-46.6515639,-23.5712103
10/12/2020 22:35:16,-46.651565,-23.5712008
10/12/2020 22:35:26,-46.6515608,-23.5712021
10/12/2020 22:35:36,-46.6515682,-23.5711986
10/12/2020 22:35:46,-46.6515649,-23.5712033
10/12/2020 22:35:56,-46.6515614,-23.5712017
10/12/2020 22:36:06,-46.651564,-23.5712054
10/12/2020 22:36:16,-46.6515617,-23.5712002
10/12/2020 22:36:26,-46.6515639,-23.5712009
10/12/2020 22:36:36,-46.6515562,-23.5712077
10/12/2020 23:20:33,-46.6515673,-23.5711913
10/12/2020 23:21:06,-46.6515705,-23.5711998
10/12/2020 23:21:16,-46.6515708,-23.5711988
10/12/2020 23:21:26,-46.6515627,-23.5712006
10/12/2020 23:21:36,-46.6515653,-23.5711943
10/12/2020 23:27:00,-46.6515685,-23.5711923
10/12/2020 23:27:10,-46.6515672,-23.5712098
10/12/2020 23:27:20,-46.6515587,-23.5712075
10/12/2020 23:27:30,-46.6515679,-23.5711897
10/12/2020 23:27:40,-46.6515663,-23.5711953
10/12/2020 23:27:50,-46.6515666,-23.5711876
10/12/2020 23:28:00,-46.65157,-23.5711911
10/12/2020 23:28:10,-46.6515702,-23.5711927
10/12/2020 23:28:20,-46.6515704,-23.5711944
10/12/2020 23:28:30,-46.6515721,-23.5711915
10/12/2020 23:28:40,-46.6515672,-23.5711969
10/12/2020 23:28:50,-46.6515633,-23.5712023
10/12/2020 23:29:00,-46.6515733,-23.5711936
10/12/2020 23:29:10,-46.6515732,-23.5711957
10/12/2020 23:29:20,-46.6515732,-23.5711986
10/12/2020 23:29:30,-46.6515717,-23.571196
10/12/2020 23:29:40,-46.651568,-23.5712007
10/12/2020 23:29:50,-46.6515661,-23.5712007
10/12/2020 23:30:00,-46.6515643,-23.5712017
10/12/2020 23:30:10,-46.6515619,-23.5712059
10/12/2020 23:30:20,-46.6515669,-23.5712045
10/12/2020 23:30:30,-46.6515678,-23.5711899
10/12/2020 23:30:40,-46.6515684,-23.5711967
10/12/2020 23:30:50,-46.6515701,-23.5711932
10/12/2020 23:31:00,-46.6515696,-23.5711925
10/12/2020 23:31:10,-46.6515724,-23.5711887
10/12/2020 23:31:20,-46.6515691,-23.5711891
10/12/2020 23:31:30,-46.6515644,-23.5711822
10/12/2020 23:31:40,-46.6515711,-23.571183
10/12/2020 23:31:50,-46.6515658,-23.5711897
10/12/2020 23:32:00,-46.6515679,-23.5711878
10/12/2020 23:32:10,-46.6515707,-23.5711861
10/12/2020 23:32:20,-46.6515661,-23.5711921
10/12/2020 23:32:30,-46.6515698,-23.5712033
10/12/2020 23:32:40,-46.6515813,-23.571184
10/12/2020 23:32:50,-46.651576,-23.5711901
10/12/2020 23:33:32,-46.6515724,-23.5711842
10/12/2020 23:33:42,-46.6515719,-23.5711839
10/12/2020 23:33:52,-46.6515574,-23.5712094
10/12/2020 23:34:01,-46.6515678,-23.5711889
10/12/2020 23:34:11,-46.6515696,-23.5711869
10/12/2020 23:34:22,-46.6515677,-23.5711895
10/12/2020 23:34:31,-46.6515709,-23.5711875
10/12/2020 23:34:42,-46.6515733,-23.5711826
10/12/2020 23:34:52,-46.6515646,-23.5712101
10/12/2020 23:35:02,-46.6515709,-23.5712045
10/12/2020 23:35:12,-46.6515725,-23.5711884
10/12/2020 23:35:22,-46.651574,-23.5711989
10/12/2020 23:35:31,-46.6515714,-23.5711955
10/12/2020 23:35:42,-46.6515713,-23.5711908
10/12/2020 23:35:52,-46.6515647,-23.5711898
10/12/2020 23:36:06,-46.6515644,-23.5711907
10/12/2020 23:36:22,-46.6515618,-23.5711919
10/12/2020 23:36:31,-46.6515627,-23.5711918
10/12/2020 23:36:42,-46.6515722,-23.5712022
10/12/2020 23:36:52,-46.6515753,-23.5711918
10/12/2020 23:37:02,-46.6515772,-23.5711916
10/12/2020 23:37:12,-46.6515742,-23.5711909
10/12/2020 23:37:22,-46.6515718,-23.5712083
10/12/2020 23:37:32,-46.6515666,-23.5712138
10/12/2020 23:37:42,-46.6515733,-23.5711923
10/12/2020 23:37:52,-46.6515723,-23.571193
10/12/2020 23:38:02,-46.6515652,-23.5711897
10/12/2020 23:38:12,-46.6515672,-23.57119
10/12/2020 23:38:22,-46.651561,-23.5711926
10/12/2020 23:38:32,-46.6515625,-23.5711902
10/12/2020 23:38:42,-46.6515666,-23.5711908
10/12/2020 23:38:52,-46.6515576,-23.5711955
10/12/2020 23:39:02,-46.6515649,-23.5711895
10/12/2020 23:39:12,-46.6515687,-23.5711903
10/12/2020 23:39:22,-46.6515626,-23.5711889
10/12/2020 23:39:32,-46.6515746,-23.5711915
10/12/2020 23:39:42,-46.6515776,-23.5711856
10/12/2020 23:39:52,-46.6515775,-23.5711926
10/12/2020 23:40:02,-46.6515779,-23.5711905
10/12/2020 23:40:12,-46.6515764,-23.5711933
10/12/2020 23:40:22,-46.651575,-23.5711976
10/12/2020 23:40:32,-46.6515685,-23.5711904
10/12/2020 23:40:42,-46.6515709,-23.5711949
10/12/2020 23:40:52,-46.6515726,-23.571191
10/12/2020 23:41:02,-46.6515747,-23.5711932
10/12/2020 23:41:12,-46.6515702,-23.5712078
10/12/2020 23:41:22,-46.6515716,-23.5711995
10/12/2020 23:41:32,-46.6515723,-23.5711973
10/12/2020 23:41:42,-46.6515694,-23.5711931
10/12/2020 23:41:52,-46.6515704,-23.5712025
10/12/2020 23:42:02,-46.6515689,-23.571206
10/12/2020 23:42:12,-46.6515671,-23.5712051
10/12/2020 23:42:22,-46.6515626,-23.5712079
10/12/2020 23:42:32,-46.6515564,-23.5712055
10/12/2020 23:42:42,-46.6515625,-23.5712129
10/12/2020 23:42:52,-46.6515684,-23.571207
10/12/2020 23:43:02,-46.6515695,-23.5712085
10/12/2020 23:43:12,-46.6515693,-23.5712066
10/12/2020 23:43:22,-46.6515684,-23.5712089
10/12/2020 23:43:32,-46.6515651,-23.5712011
10/12/2020 23:43:42,-46.6515742,-23.5712044
10/12/2020 23:43:52,-46.651572,-23.5712114
10/12/2020 23:44:02,-46.6515702,-23.5712116
10/12/2020 23:44:12,-46.6515647,-23.5712175
10/12/2020 23:44:22,-46.6515666,-23.5712141
10/12/2020 23:44:32,-46.651566,-23.5712052
10/12/2020 23:44:42,-46.6515668,-23.5712069
10/12/2020 23:44:52,-46.6515691,-23.571197
10/12/2020 23:45:02,-46.6515634,-23.5711967
10/12/2020 23:45:12,-46.6515642,-23.5712009
10/12/2020 23:45:22,-46.6515674,-23.5712001
10/12/2020 23:45:32,-46.6515659,-23.5712044
10/12/2020 23:45:42,-46.6515645,-23.5712189
10/12/2020 23:45:52,-46.6515739,-23.5712026
10/12/2020 23:46:02,-46.6515709,-23.571215
10/12/2020 23:46:12,-46.6515748,-23.5712029
10/12/2020 23:46:22,-46.6515718,-23.5711936
10/12/2020 23:46:32,-46.6515645,-23.5712066
10/12/2020 23:46:42,-46.6515606,-23.5711894
10/12/2020 23:46:52,-46.6515586,-23.5711925
10/12/2020 23:47:02,-46.6515605,-23.5711885
10/12/2020 23:47:12,-46.6515613,-23.5711864
10/12/2020 23:47:22,-46.6515607,-23.5711844
10/12/2020 23:47:32,-46.6515585,-23.571187
10/12/2020 23:47:42,-46.6515709,-23.571203
10/12/2020 23:47:52,-46.6515723,-23.5712024
10/12/2020 23:48:02,-46.6515738,-23.5712023
10/12/2020 23:48:12,-46.6515772,-23.5712081
10/12/2020 23:48:22,-46.6515759,-23.5712084
10/12/2020 23:48:32,-46.6515717,-23.5712112
10/12/2020 23:48:42,-46.6515716,-23.5712024
10/12/2020 23:48:52,-46.6515696,-23.5711977
10/12/2020 23:49:02,-46.6515701,-23.5711942
10/12/2020 23:49:12,-46.651565,-23.5712014
10/12/2020 23:49:22,-46.6515724,-23.5711866
10/12/2020 23:49:32,-46.65157,-23.5712003
10/12/2020 23:49:42,-46.6515683,-23.5712063
10/12/2020 23:49:52,-46.6515688,-23.5712012
10/12/2020 23:50:02,-46.6515704,-23.5712018
10/12/2020 23:50:12,-46.6515648,-23.5712041
10/12/2020 23:50:22,-46.6515729,-23.5711981
10/12/2020 23:50:32,-46.6515725,-23.5711986
10/12/2020 23:50:42,-46.6515758,-23.5711932
10/12/2020 23:50:52,-46.6515794,-23.5711936
10/12/2020 23:51:02,-46.6515768,-23.5711898
10/12/2020 23:51:12,-46.6515741,-23.5711921
10/12/2020 23:51:22,-46.6515692,-23.5711992
10/12/2020 23:51:32,-46.651568,-23.5711955
10/12/2020 23:51:42,-46.6515716,-23.5712017
10/12/2020 23:51:52,-46.6515702,-23.5712018
10/12/2020 23:52:02,-46.6515733,-23.5711941
10/12/2020 23:52:12,-46.6515733,-23.5711949
10/12/2020 23:52:22,-46.6515721,-23.571194
10/12/2020 23:52:32,-46.651576,-23.5711874
10/12/2020 23:52:42,-46.6515786,-23.571187
10/12/2020 23:52:52,-46.6515758,-23.5711917
10/12/2020 23:53:02,-46.651573,-23.5711941
10/12/2020 23:53:12,-46.6515678,-23.5711943
10/12/2020 23:53:22,-46.6515678,-23.5711952
10/12/2020 23:53:32,-46.6515722,-23.5711998
10/12/2020 23:53:42,-46.6515747,-23.5712028
10/12/2020 23:53:52,-46.6515763,-23.5711984
10/12/2020 23:54:02,-46.6515727,-23.5712018
10/12/2020 23:54:12,-46.6515718,-23.571199
10/12/2020 23:54:22,-46.6515703,-23.5711931
10/12/2020 23:54:32,-46.6515717,-23.5712027
10/12/2020 23:54:42,-46.6515733,-23.5712001
10/12/2020 23:54:52,-46.6515749,-23.5711955
10/12/2020 23:55:02,-46.6515755,-23.5711933
10/12/2020 23:55:12,-46.6515697,-23.5712121
10/12/2020 23:55:22,-46.6515704,-23.5712137
10/12/2020 23:55:32,-46.6515705,-23.571212
10/12/2020 23:55:42,-46.6515687,-23.5712108
10/12/2020 23:55:52,-46.6515703,-23.571193
10/12/2020 23:56:02,-46.6515676,-23.5712043
10/12/2020 23:56:12,-46.6515686,-23.5712084
10/12/2020 23:56:22,-46.6515688,-23.5712082
10/12/2020 23:56:32,-46.6515689,-23.5712071
10/12/2020 23:56:42,-46.6515705,-23.5712139
10/12/2020 23:56:52,-46.6515739,-23.571205
10/12/2020 23:57:02,-46.6515743,-23.5712035
10/12/2020 23:57:12,-46.6515773,-23.5712062
10/12/2020 23:57:22,-46.6515738,-23.5712054
10/12/2020 23:57:32,-46.6515721,-23.5711987
10/12/2020 23:57:42,-46.6515671,-23.5712112
10/12/2020 23:57:52,-46.6515642,-23.5712204
10/12/2020 23:58:02,-46.6515667,-23.5712091
10/12/2020 23:58:12,-46.6515603,-23.5712174
10/12/2020 23:58:22,-46.6515631,-23.57121
10/12/2020 23:58:32,-46.651561,-23.571213
10/12/2020 23:58:42,-46.6515667,-23.5712064
10/12/2020 23:58:52,-46.651565,-23.5712123
10/12/2020 23:59:02,-46.6515692,-23.5712081
10/12/2020 23:59:12,-46.6515701,-23.5712101
10/12/2020 23:59:22,-46.651568,-23.5712021
10/12/2020 23:59:32,-46.6515596,-23.5712174
10/12/2020 23:59:42,-46.6515643,-23.5712116
10/12/2020 23:59:52,-46.6515649,-23.5711967
11/12/2020 00:00:02,-46.6515632,-23.5712002
11/12/2020 00:00:12,-46.651548,-23.5712139
11/12/2020 00:00:22,-46.6515548,-23.5712063
11/12/2020 00:00:32,-46.6515577,-23.5712152
11/12/2020 00:00:42,-46.6515651,-23.5712024
11/12/2020 00:00:52,-46.651575,-23.5712065
11/12/2020 00:01:02,-46.6515708,-23.571204
11/12/2020 00:01:12,-46.6515709,-23.571201
11/12/2020 00:01:22,-46.6515663,-23.5712242
11/12/2020 00:01:32,-46.6515683,-23.5712202
11/12/2020 00:01:42,-46.6515685,-23.5712167
11/12/2020 00:01:52,-46.651578,-23.5712054
11/12/2020 00:02:02,-46.6515726,-23.5712008
11/12/2020 00:02:12,-46.6515719,-23.5712065
11/12/2020 00:02:22,-46.6515753,-23.5711988
11/12/2020 00:02:32,-46.6515693,-23.5712003
11/12/2020 00:02:42,-46.6515713,-23.5712016
11/12/2020 00:02:52,-46.6515754,-23.5712009
11/12/2020 00:03:02,-46.6515726,-23.5711989
11/12/2020 00:03:12,-46.6515709,-23.5712013
11/12/2020 00:03:22,-46.6515737,-23.5711984
11/12/2020 00:03:32,-46.6515698,-23.5711974
11/12/2020 00:03:42,-46.6515704,-23.5711949
11/12/2020 00:03:52,-46.651571,-23.5712
11/12/2020 00:04:02,-46.6515649,-23.5711932
11/12/2020 00:04:12,-46.6515645,-23.5711931
11/12/2020 00:04:22,-46.6515653,-23.5712006
11/12/2020 00:04:32,-46.6515579,-23.5712193
11/12/2020 00:04:42,-46.6515739,-23.5711855
11/12/2020 00:04:52,-46.6515752,-23.5711919
11/12/2020 00:05:02,-46.6515765,-23.5711976
11/12/2020 00:05:12,-46.6515757,-23.5711954
11/12/2020 00:05:22,-46.6515718,-23.5712036
11/12/2020 00:05:32,-46.6515744,-23.5711945
11/12/2020 00:05:42,-46.6515748,-23.571196
11/12/2020 00:05:52,-46.6515717,-23.5711928
11/12/2020 00:06:02,-46.6515626,-23.5711904
11/12/2020 00:06:12,-46.6515622,-23.571197
11/12/2020 00:06:22,-46.6515623,-23.5711945
11/12/2020 00:06:32,-46.6515678,-23.5711991
11/12/2020 00:06:42,-46.6515646,-23.5711915
11/12/2020 00:06:52,-46.6515674,-23.5711894
11/12/2020 00:07:02,-46.6515637,-23.5711931
11/12/2020 00:07:12,-46.6515729,-23.5711889
11/12/2020 00:07:22,-46.651564,-23.5711922
11/12/2020 00:07:32,-46.6515726,-23.5711978
11/12/2020 00:07:42,-46.6515695,-23.5711903
11/12/2020 00:07:52,-46.6515689,-23.5712016
11/12/2020 00:08:02,-46.6515647,-23.5712011
11/12/2020 00:08:12,-46.6515698,-23.5711973
11/12/2020 00:08:22,-46.6515689,-23.5711989
11/12/2020 00:08:32,-46.6515685,-23.5712014
11/12/2020 00:08:42,-46.6515661,-23.5711943
11/12/2020 00:08:52,-46.6515513,-23.5712169
11/12/2020 00:09:02,-46.6515538,-23.5712194
11/12/2020 00:09:12,-46.6515569,-23.5712279
11/12/2020 00:09:22,-46.6515601,-23.5712275
11/12/2020 00:09:32,-46.6515557,-23.5712303
11/12/2020 00:09:42,-46.651555,-23.5712269
11/12/2020 00:09:52,-46.6515561,-23.5712275
11/12/2020 00:10:02,-46.6515523,-23.571229
11/12/2020 00:10:12,-46.6515619,-23.5712232
11/12/2020 00:10:22,-46.6515589,-23.5712214
11/12/2020 00:10:32,-46.6515577,-23.5712239
11/12/2020 00:10:43,-46.6515571,-23.5712352
11/12/2020 00:10:52,-46.6515574,-23.5712353
11/12/2020 00:11:02,-46.6515567,-23.5712128
11/12/2020 00:11:12,-46.651556,-23.5712162
11/12/2020 00:11:22,-46.6515595,-23.5712179
11/12/2020 00:11:32,-46.6515602,-23.5712162
11/12/2020 00:11:42,-46.6515514,-23.571209
11/12/2020 00:11:52,-46.6515476,-23.5712113
11/12/2020 00:12:02,-46.651553,-23.5712201
11/12/2020 00:12:12,-46.6515498,-23.5712206
11/12/2020 00:12:22,-46.6515635,-23.571219
11/12/2020 00:12:32,-46.651544,-23.571212
11/12/2020 00:12:42,-46.6515554,-23.5712012
11/12/2020 00:12:52,-46.6515494,-23.5712116
11/12/2020 00:13:02,-46.6515506,-23.5712087
11/12/2020 00:13:12,-46.651553,-23.5712091
11/12/2020 00:13:22,-46.651562,-23.5712194
11/12/2020 00:13:32,-46.6515586,-23.571225
11/12/2020 00:13:42,-46.6515557,-23.5712259
11/12/2020 00:13:52,-46.6515588,-23.5712245
11/12/2020 00:14:02,-46.6515428,-23.5712096
11/12/2020 00:14:12,-46.6515517,-23.5712176
11/12/2020 00:14:22,-46.6515554,-23.5712171
11/12/2020 00:14:32,-46.6515543,-23.5712176
11/12/2020 00:14:42,-46.6515582,-23.5712232
11/12/2020 00:14:52,-46.6515667,-23.5712066
11/12/2020 00:15:02,-46.6515592,-23.5712194
11/12/2020 00:15:12,-46.6515605,-23.5712116
11/12/2020 00:15:22,-46.6515668,-23.5711977
11/12/2020 00:15:32,-46.6515618,-23.5711978
11/12/2020 00:15:42,-46.6515667,-23.5711956
11/12/2020 00:15:52,-46.6515669,-23.5712048
11/12/2020 00:16:02,-46.6515635,-23.5712031
11/12/2020 00:16:12,-46.6515521,-23.5712149
11/12/2020 00:16:22,-46.6515632,-23.5711967
11/12/2020 00:16:32,-46.6515593,-23.5712005
11/12/2020 00:16:42,-46.6515672,-23.5711956
11/12/2020 00:16:52,-46.6515612,-23.5711969
11/12/2020 00:17:02,-46.6515583,-23.5711949
11/12/2020 00:17:12,-46.6515607,-23.5711938
11/12/2020 00:17:22,-46.6515672,-23.5711967
11/12/2020 00:17:32,-46.6515599,-23.5711917
11/12/2020 00:17:42,-46.6515569,-23.5712003
11/12/2020 00:17:52,-46.6515525,-23.5712018
11/12/2020 00:18:02,-46.6515552,-23.5712027
11/12/2020 00:18:12,-46.6515468,-23.571208
11/12/2020 00:18:22,-46.6515484,-23.5712061
11/12/2020 00:18:32,-46.6515471,-23.571207
11/12/2020 00:18:42,-46.6515478,-23.5712065
11/12/2020 00:18:52,-46.6515625,-23.5712243
11/12/2020 00:19:02,-46.6515659,-23.5712201
11/12/2020 00:19:12,-46.6515682,-23.5712044
11/12/2020 00:19:22,-46.6515711,-23.5711985
11/12/2020 00:19:33,-46.6515655,-23.5712029
11/12/2020 00:19:43,-46.6515629,-23.5712082
11/12/2020 00:19:52,-46.6515737,-23.5711975
11/12/2020 00:20:02,-46.6515711,-23.5711911
11/12/2020 00:20:12,-46.6515706,-23.5711915
11/12/2020 00:20:22,-46.6515699,-23.5711901
11/12/2020 00:20:32,-46.6515662,-23.5711901
11/12/2020 00:20:42,-46.651574,-23.5711776
11/12/2020 00:20:52,-46.6515764,-23.5711814
11/12/2020 00:21:02,-46.6515754,-23.5711908
11/12/2020 00:21:12,-46.6515769,-23.5711917
11/12/2020 00:21:22,-46.6515713,-23.5712038
11/12/2020 00:21:32,-46.6515684,-23.571208
11/12/2020 00:21:42,-46.6515653,-23.5711991
11/12/2020 00:21:52,-46.6515643,-23.5712056
11/12/2020 00:22:02,-46.6515695,-23.5711957
11/12/2020 00:22:12,-46.6515742,-23.5711964
11/12/2020 00:22:22,-46.6515728,-23.5711977
11/12/2020 00:22:32,-46.6515715,-23.5712003
11/12/2020 00:22:42,-46.6515718,-23.5711955
11/12/2020 00:22:52,-46.6515674,-23.5711919
11/12/2020 00:23:02,-46.6515642,-23.5711938
11/12/2020 00:23:12,-46.6515627,-23.5711963
11/12/2020 00:23:22,-46.6515643,-23.5711966
11/12/2020 00:23:32,-46.65157,-23.571207
11/12/2020 00:23:42,-46.6515642,-23.5712021
11/12/2020 00:23:52,-46.6515682,-23.5711984
11/12/2020 00:24:02,-46.6515605,-23.5712027
11/12/2020 00:24:12,-46.6515694,-23.5711949
11/12/2020 00:24:22,-46.6515724,-23.5711954
11/12/2020 00:24:32,-46.6515711,-23.5711972
11/12/2020 00:24:42,-46.6515698,-23.5711973
11/12/2020 00:24:52,-46.6515692,-23.5711975
11/12/2020 00:25:02,-46.6515699,-23.5711939
11/12/2020 00:25:12,-46.6515652,-23.5711931
11/12/2020 00:25:22,-46.6515622,-23.5711908
11/12/2020 00:25:32,-46.6515629,-23.5711899
11/12/2020 00:25:42,-46.6515652,-23.5711992
11/12/2020 00:25:52,-46.651566,-23.5711992
11/12/2020 00:26:02,-46.6515658,-23.5711996
11/12/2020 00:26:12,-46.6515664,-23.5711971
11/12/2020 00:26:22,-46.6515651,-23.5712039
11/12/2020 00:26:32,-46.6515649,-23.571194
11/12/2020 00:26:43,-46.6515621,-23.5711941
11/12/2020 00:26:52,-46.6515635,-23.5711953
11/12/2020 00:27:02,-46.6515647,-23.5711926
11/12/2020 00:27:12,-46.6515639,-23.5711956
11/12/2020 00:27:22,-46.6515698,-23.5711964
11/12/2020 00:27:32,-46.6515481,-23.5712005
11/12/2020 00:27:42,-46.6515626,-23.5711881
11/12/2020 00:27:52,-46.6515622,-23.5711904
11/12/2020 00:28:02,-46.6515622,-23.571192
11/12/2020 00:28:12,-46.6515671,-23.5711979
11/12/2020 00:28:22,-46.6515703,-23.5711908
11/12/2020 00:28:32,-46.6515641,-23.5712019
11/12/2020 00:28:42,-46.6515611,-23.571202
11/12/2020 00:28:52,-46.651558,-23.5712028
11/12/2020 00:29:02,-46.6515655,-23.5711993
11/12/2020 00:29:12,-46.6515446,-23.5712134
11/12/2020 00:29:22,-46.6515582,-23.5712036
11/12/2020 00:29:33,-46.6515682,-23.5711982
11/12/2020 00:29:42,-46.6515688,-23.571201
11/12/2020 00:29:52,-46.6515702,-23.5711988
11/12/2020 00:30:03,-46.6515655,-23.5711924
11/12/2020 00:30:12,-46.6515637,-23.5711956
11/12/2020 00:30:22,-46.6515618,-23.5711963
11/12/2020 00:30:33,-46.651566,-23.5711925
11/12/2020 00:30:42,-46.6515707,-23.571197
11/12/2020 00:30:52,-46.6515707,-23.5712039
11/12/2020 00:31:02,-46.6515718,-23.5712037
11/12/2020 00:31:13,-46.6515712,-23.5712009
11/12/2020 00:31:22,-46.6515749,-23.5711984
11/12/2020 00:31:33,-46.6515703,-23.571205
11/12/2020 00:31:42,-46.6515741,-23.5711997
11/12/2020 00:31:53,-46.6515676,-23.5711989
11/12/2020 00:32:03,-46.6515664,-23.5711954
11/12/2020 00:32:12,-46.6515744,-23.5711924
11/12/2020 00:32:23,-46.6515727,-23.5711989
11/12/2020 00:32:33,-46.6515765,-23.5711938
11/12/2020 00:32:43,-46.6515728,-23.5711891
11/12/2020 00:32:53,-46.6515703,-23.571186
11/12/2020 00:33:03,-46.6515758,-23.5711827
11/12/2020 00:33:13,-46.6515674,-23.5711911
11/12/2020 00:33:23,-46.6515676,-23.5711931
11/12/2020 00:33:33,-46.6515736,-23.571203
11/12/2020 00:33:43,-46.6515764,-23.5711953
11/12/2020 00:33:53,-46.651575,-23.5711959
11/12/2020 00:34:02,-46.6515731,-23.5711976
11/12/2020 00:34:13,-46.6515702,-23.5712019
11/12/2020 00:34:23,-46.6515716,-23.5711924
11/12/2020 00:34:33,-46.6515726,-23.571192
11/12/2020 00:34:43,-46.6515718,-23.5711895
11/12/2020 00:34:53,-46.6515767,-23.5711891
11/12/2020 00:35:03,-46.6515756,-23.57119
11/12/2020 00:35:13,-46.651577,-23.5711922
11/12/2020 00:35:23,-46.6515728,-23.5711924
11/12/2020 00:35:33,-46.6515698,-23.5711932
11/12/2020 00:35:43,-46.6515687,-23.5711964
11/12/2020 00:35:53,-46.6515693,-23.5711925
11/12/2020 00:36:03,-46.6515798,-23.5711878
11/12/2020 00:36:13,-46.6515763,-23.571187
11/12/2020 00:36:23,-46.6515759,-23.5711891
11/12/2020 00:36:33,-46.6515747,-23.5711902
11/12/2020 00:36:43,-46.6515776,-23.5711912
11/12/2020 00:36:53,-46.651576,-23.5711891
11/12/2020 00:37:03,-46.6515757,-23.5711895
11/12/2020 00:37:13,-46.651559,-23.5712053
11/12/2020 00:37:23,-46.6515707,-23.5711819
11/12/2020 00:37:33,-46.6515694,-23.5711935
11/12/2020 00:37:43,-46.6515699,-23.5711917
11/12/2020 00:37:53,-46.6515559,-23.5712001
11/12/2020 00:38:03,-46.6515578,-23.5711959
11/12/2020 00:38:13,-46.6515632,-23.571186
11/12/2020 00:38:23,-46.6515606,-23.5711932
11/12/2020 00:38:33,-46.6515701,-23.571192
11/12/2020 00:38:43,-46.6515693,-23.5711941
11/12/2020 00:38:53,-46.6515689,-23.5711968
11/12/2020 00:39:03,-46.6515691,-23.5711954
11/12/2020 00:39:13,-46.6515666,-23.5711969
11/12/2020 00:39:23,-46.6515683,-23.5711976
11/12/2020 00:39:33,-46.6515731,-23.5711947
11/12/2020 00:39:43,-46.6515708,-23.5712004
11/12/2020 00:39:53,-46.651572,-23.5711964
11/12/2020 00:40:03,-46.6515703,-23.5711956
11/12/2020 00:40:13,-46.6515653,-23.5711916
11/12/2020 00:40:23,-46.6515638,-23.5711904
11/12/2020 00:40:33,-46.6515581,-23.5712019
11/12/2020 00:40:43,-46.6515673,-23.5711919
11/12/2020 00:40:53,-46.6515705,-23.5711926
11/12/2020 00:41:03,-46.651568,-23.5711919
11/12/2020 00:41:13,-46.6515672,-23.5711887
11/12/2020 00:41:23,-46.6515677,-23.5711852
11/12/2020 00:41:33,-46.6515672,-23.5711915
11/12/2020 00:41:43,-46.6515652,-23.571192
11/12/2020 00:41:53,-46.6515648,-23.5711922
11/12/2020 00:42:03,-46.6515665,-23.5712
11/12/2020 00:42:13,-46.6515688,-23.5711927
11/12/2020 00:42:23,-46.6515694,-23.5711964
11/12/2020 00:42:33,-46.6515679,-23.5711928
11/12/2020 00:42:43,-46.6515663,-23.5711923
11/12/2020 00:42:53,-46.6515686,-23.5711959
11/12/2020 00:43:03,-46.6515656,-23.5712097
11/12/2020 00:43:13,-46.651565,-23.5712066
11/12/2020 00:43:23,-46.6515641,-23.5712044
11/12/2020 00:43:33,-46.6515635,-23.5712163
11/12/2020 00:43:43,-46.6515662,-23.571206
11/12/2020 00:43:53,-46.6515593,-23.5712188
11/12/2020 00:44:03,-46.651562,-23.5712145
11/12/2020 00:44:13,-46.6515649,-23.5712016
11/12/2020 00:44:23,-46.6515668,-23.5711985
11/12/2020 00:44:33,-46.651557,-23.571221
11/12/2020 00:44:43,-46.6515654,-23.5712085
11/12/2020 00:44:53,-46.6515657,-23.5712039
11/12/2020 00:45:03,-46.6515662,-23.5712033
11/12/2020 00:45:13,-46.6515636,-23.571203
11/12/2020 00:45:23,-46.6515688,-23.5712002
11/12/2020 00:45:33,-46.6515684,-23.5711985
11/12/2020 00:45:43,-46.6515659,-23.5711987
11/12/2020 00:45:53,-46.6515644,-23.5712016
11/12/2020 00:46:03,-46.6515663,-23.5711974
11/12/2020 00:46:13,-46.6515687,-23.5712038
11/12/2020 00:46:23,-46.6515671,-23.5712057
11/12/2020 00:46:33,-46.651567,-23.5712044
11/12/2020 00:46:43,-46.6515624,-23.5712099
11/12/2020 00:46:53,-46.6515667,-23.5712019
11/12/2020 00:47:03,-46.6515586,-23.5712166
11/12/2020 00:47:13,-46.6515685,-23.5711994
11/12/2020 00:47:23,-46.6515662,-23.5711938
11/12/2020 00:47:33,-46.6515543,-23.5712054
11/12/2020 00:47:43,-46.6515521,-23.5712094
11/12/2020 00:47:52,-46.65156428,-23.57120333
11/12/2020 00:47:55,-46.65156387,-23.5712035
11/12/2020 00:47:59,-46.65156387,-23.5712035
11/12/2020 00:48:03,-46.6515626,-23.5711973
11/12/2020 00:48:14,-46.65156377,-23.57120306
11/12/2020 00:48:15,-46.6515686,-23.5711997
11/12/2020 00:48:18,-46.65156408,-23.57120284
11/12/2020 00:48:25,-46.6515735,-23.5711881
11/12/2020 00:48:35,-46.6515751,-23.5711858
11/12/2020 00:48:45,-46.6515691,-23.5712041
11/12/2020 00:48:55,-46.6515723,-23.5711964
11/12/2020 00:49:05,-46.6515683,-23.5711917
11/12/2020 00:49:15,-46.6515694,-23.5711867
11/12/2020 00:49:25,-46.651566,-23.5712009
11/12/2020 00:49:35,-46.6515662,-23.5711987
11/12/2020 00:49:45,-46.6515714,-23.5712053
11/12/2020 00:49:55,-46.6515747,-23.5711899
11/12/2020 00:50:05,-46.6515683,-23.5712036
11/12/2020 00:50:15,-46.6515666,-23.5712041
11/12/2020 00:50:25,-46.6515713,-23.5711971
11/12/2020 00:50:35,-46.6515656,-23.5712018
11/12/2020 00:50:45,-46.651571,-23.5711974
11/12/2020 00:50:55,-46.6515692,-23.5712008
11/12/2020 00:51:05,-46.6515596,-23.5712198
11/12/2020 00:51:15,-46.651557,-23.5711954
11/12/2020 00:51:25,-46.6515583,-23.571199
11/12/2020 00:51:35,-46.6515622,-23.5711911
11/12/2020 00:51:45,-46.651562,-23.5711926
11/12/2020 00:51:55,-46.6515589,-23.571192
11/12/2020 00:52:05,-46.6515678,-23.5711966
11/12/2020 00:52:15,-46.6515618,-23.5712097
11/12/2020 00:52:25,-46.6515476,-23.5712084
11/12/2020 00:52:35,-46.6515576,-23.5711953
11/12/2020 00:52:45,-46.6515606,-23.5711946
11/12/2020 00:52:55,-46.6515656,-23.5711913
11/12/2020 00:53:05,-46.6515646,-23.571193
11/12/2020 00:53:15,-46.6515677,-23.5711906
11/12/2020 00:53:25,-46.6515629,-23.5711906
11/12/2020 00:53:35,-46.6515745,-23.5712091
11/12/2020 00:53:45,-46.6515626,-23.5711991
11/12/2020 00:53:55,-46.651564,-23.5712005
11/12/2020 00:54:05,-46.6515538,-23.5712075
11/12/2020 00:54:15,-46.6515604,-23.5711962
11/12/2020 00:54:26,-46.6515693,-23.5712063
11/12/2020 00:54:35,-46.6515666,-23.5712028
11/12/2020 00:54:45,-46.651568,-23.5712009
11/12/2020 00:54:55,-46.651569,-23.5712025
11/12/2020 00:55:05,-46.6515721,-23.5712071
11/12/2020 00:55:15,-46.6515696,-23.5712046
11/12/2020 00:55:25,-46.6515677,-23.5711995
11/12/2020 00:55:35,-46.6515696,-23.5711905
11/12/2020 00:55:46,-46.6515651,-23.5711838
11/12/2020 00:55:55,-46.6515659,-23.5711866
11/12/2020 00:56:05,-46.6515669,-23.5711897
11/12/2020 00:56:15,-46.6515618,-23.571198
11/12/2020 00:56:25,-46.6515599,-23.5711899
11/12/2020 00:56:35,-46.6515519,-23.5711898
11/12/2020 00:56:45,-46.6515572,-23.571185
11/12/2020 00:56:55,-46.651567,-23.5711943
11/12/2020 00:57:05,-46.6515721,-23.571191
11/12/2020 00:57:15,-46.6515719,-23.5711898
11/12/2020 00:57:25,-46.651568,-23.5711945
11/12/2020 00:57:35,-46.65157,-23.5711956
11/12/2020 00:57:45,-46.6515691,-23.5711935
11/12/2020 00:57:55,-46.6515695,-23.5711936
11/12/2020 00:58:05,-46.6515711,-23.5711875
11/12/2020 00:58:15,-46.651572,-23.571188
11/12/2020 00:58:25,-46.6515731,-23.5711855
11/12/2020 00:58:35,-46.6515716,-23.5711883
11/12/2020 00:58:45,-46.6515757,-23.5711911
11/12/2020 00:58:55,-46.6515758,-23.5711938
11/12/2020 00:59:05,-46.6515757,-23.5711955
11/12/2020 00:59:15,-46.6515731,-23.5711952
11/12/2020 00:59:25,-46.651571,-23.5711945
11/12/2020 00:59:35,-46.6515671,-23.5711924
11/12/2020 00:59:45,-46.6515688,-23.5711921
11/12/2020 00:59:55,-46.6515699,-23.5711838
11/12/2020 01:00:05,-46.6515674,-23.5711847
11/12/2020 01:00:15,-46.6515685,-23.5711827
11/12/2020 01:00:20,-46.6515664,-23.57119688
11/12/2020 01:00:25,-46.6515703,-23.5711826
11/12/2020 01:00:27,-46.65156645,-23.5711967
11/12/2020 01:00:30,-46.65156645,-23.5711967
11/12/2020 01:00:34,-46.65156645,-23.5711967
11/12/2020 01:00:35,-46.6515663,-23.5711828
11/12/2020 01:00:37,-46.65156645,-23.57119654
11/12/2020 01:00:42,-46.65156645,-23.57119654
11/12/2020 01:00:47,-46.65156645,-23.57119654
11/12/2020 01:00:48,-46.6515635,-23.5711971
11/12/2020 01:01:08,-46.6515645,-23.5711884
11/12/2020 01:01:24,-46.6515621,-23.571188
11/12/2020 01:01:26,-46.65156635,-23.57119637
11/12/2020 01:01:28,-46.65156635,-23.57119637
11/12/2020 01:01:35,-46.6515612,-23.5711869
11/12/2020 01:01:45,-46.6515617,-23.5711861
11/12/2020 01:01:55,-46.6515633,-23.5711875
11/12/2020 01:02:05,-46.6515644,-23.5711884
11/12/2020 01:02:15,-46.6515666,-23.5711886
11/12/2020 01:02:25,-46.6515627,-23.571188
11/12/2020 01:02:35,-46.6515623,-23.5711831
11/12/2020 01:02:45,-46.6515604,-23.5711865
11/12/2020 01:02:55,-46.6515611,-23.571189
11/12/2020 01:03:05,-46.6515695,-23.5711924
11/12/2020 01:03:15,-46.6515654,-23.5711918
11/12/2020 01:03:19,-46.65156602,-23.57119539
11/12/2020 01:03:25,-46.6515648,-23.571192
11/12/2020 01:03:41,-46.6515552,-23.5711905
11/12/2020 01:03:51,-46.6515579,-23.5711866
11/12/2020 01:04:02,-46.6515599,-23.5711851
11/12/2020 01:04:11,-46.6515607,-23.5711884
11/12/2020 01:04:21,-46.6515618,-23.5712046
11/12/2020 01:04:31,-46.651567,-23.5711997
11/12/2020 01:04:41,-46.6515709,-23.5711954
11/12/2020 01:04:51,-46.6515713,-23.5711992
11/12/2020 01:05:01,-46.6515769,-23.571188
11/12/2020 01:05:11,-46.6515789,-23.5711905
11/12/2020 01:05:21,-46.6515771,-23.5711938
11/12/2020 01:05:31,-46.6515767,-23.5711928
11/12/2020 01:05:41,-46.6515752,-23.5711948
11/12/2020 01:05:51,-46.6515696,-23.5712045
11/12/2020 01:06:01,-46.6515701,-23.5712079
11/12/2020 01:06:11,-46.6515705,-23.5712041
11/12/2020 01:06:21,-46.6515708,-23.5712061
11/12/2020 01:06:31,-46.6515709,-23.5712075
11/12/2020 01:06:41,-46.6515723,-23.5712088
11/12/2020 01:06:51,-46.6515729,-23.5712077
11/12/2020 01:07:01,-46.6515671,-23.5712138
11/12/2020 01:07:11,-46.6515762,-23.5712041
11/12/2020 01:07:21,-46.6515773,-23.5711873
11/12/2020 01:07:31,-46.6515647,-23.5711916
11/12/2020 01:07:41,-46.6515665,-23.5711919
11/12/2020 01:07:46,-46.6515665,-23.57119561
11/12/2020 01:07:51,-46.6515481,-23.5712153
11/12/2020 01:08:07,-46.6515616,-23.5711943
11/12/2020 01:08:17,-46.6515612,-23.5711961
11/12/2020 01:08:27,-46.6515605,-23.5711958
11/12/2020 01:08:37,-46.6515635,-23.5711927
11/12/2020 01:08:47,-46.6515652,-23.5711932
11/12/2020 01:08:57,-46.6515722,-23.5711987
11/12/2020 01:09:07,-46.6515695,-23.5712016
11/12/2020 01:09:17,-46.6515733,-23.5711882
11/12/2020 01:09:27,-46.6515635,-23.5711901
11/12/2020 01:09:37,-46.6515644,-23.5712008
11/12/2020 01:09:47,-46.6515644,-23.5711952
11/12/2020 01:09:57,-46.6515646,-23.5711934
11/12/2020 01:10:07,-46.6515639,-23.5712104
11/12/2020 01:10:17,-46.6515563,-23.5711953
11/12/2020 01:10:27,-46.6515676,-23.5711897
11/12/2020 01:10:37,-46.6515592,-23.5712193
11/12/2020 01:10:47,-46.6515607,-23.5712172
11/12/2020 01:10:57,-46.6515728,-23.5712
11/12/2020 01:11:07,-46.6515674,-23.571216
11/12/2020 01:11:17,-46.6515599,-23.571226
11/12/2020 01:11:27,-46.6515649,-23.5712187
11/12/2020 01:11:37,-46.6515568,-23.5712099
11/12/2020 01:11:47,-46.6515554,-23.5712061
11/12/2020 01:11:57,-46.651562,-23.5712173
11/12/2020 01:12:07,-46.651563,-23.5712164
11/12/2020 01:12:17,-46.6515624,-23.5712059
11/12/2020 01:12:27,-46.6515648,-23.5712048
11/12/2020 01:12:37,-46.6515679,-23.5712108
11/12/2020 01:12:47,-46.6515708,-23.5712045
11/12/2020 01:12:57,-46.651551,-23.5712034
11/12/2020 01:13:07,-46.6515607,-23.5712045
11/12/2020 01:13:17,-46.6515647,-23.5712098
11/12/2020 01:13:27,-46.6515624,-23.5711987
11/12/2020 01:13:37,-46.6515583,-23.5712207
11/12/2020 01:13:47,-46.651562,-23.5712092
11/12/2020 01:13:57,-46.6515473,-23.5712171
11/12/2020 01:14:07,-46.6515519,-23.5712108
11/12/2020 01:14:17,-46.6515508,-23.5712116
11/12/2020 01:14:27,-46.651548,-23.5712155
11/12/2020 01:14:37,-46.6515568,-23.5712159
11/12/2020 01:14:47,-46.6515542,-23.5712177
11/12/2020 01:14:57,-46.6515457,-23.5712099
11/12/2020 01:15:07,-46.6515454,-23.5712073
11/12/2020 01:15:17,-46.6515437,-23.571205
11/12/2020 01:15:23,-46.65156495,-23.57119816
11/12/2020 01:15:27,-46.6515441,-23.5712088
11/12/2020 01:15:30,-46.65156482,-23.57119823
11/12/2020 01:15:34,-46.65156483,-23.57119822
11/12/2020 01:15:38,-46.65156482,-23.57119823
11/12/2020 01:15:39,-46.6515499,-23.5712035
11/12/2020 01:15:41,-46.65156474,-23.57119826
11/12/2020 01:15:44,-46.65156474,-23.57119826
11/12/2020 01:15:49,-46.65156474,-23.57119826
11/12/2020 01:15:51,-46.6515582,-23.5711989
11/12/2020 01:15:55,-46.6515647,-23.57119826
11/12/2020 01:16:02,-46.6515504,-23.5712062
11/12/2020 01:16:12,-46.6515592,-23.5711945
11/12/2020 01:16:22,-46.6515674,-23.5711982
11/12/2020 01:16:32,-46.6515661,-23.5712012
11/12/2020 01:16:42,-46.6515671,-23.5711989
11/12/2020 01:16:52,-46.6515572,-23.5712088
11/12/2020 01:17:02,-46.6515608,-23.5712191
11/12/2020 01:17:12,-46.6515641,-23.5712203
11/12/2020 01:17:22,-46.651551,-23.5712096
11/12/2020 01:17:32,-46.6515449,-23.5712116
11/12/2020 01:17:42,-46.6515504,-23.571213
11/12/2020 01:17:52,-46.6515567,-23.5712223
11/12/2020 01:18:02,-46.6515565,-23.5712229
11/12/2020 01:18:12,-46.6515516,-23.5712217
11/12/2020 01:18:22,-46.6515526,-23.5712224
11/12/2020 01:18:32,-46.6515523,-23.5712179
11/12/2020 01:18:42,-46.6515526,-23.5712155
11/12/2020 01:18:52,-46.6515524,-23.5712123
11/12/2020 01:19:02,-46.6515646,-23.5712021
11/12/2020 01:19:12,-46.6515575,-23.5711935
11/12/2020 01:19:17,-46.65156393,-23.5711994
11/12/2020 01:19:24,-46.6515508,-23.5712031
11/12/2020 01:19:34,-46.651545,-23.5712031
11/12/2020 01:19:44,-46.651545,-23.5712047
11/12/2020 01:19:54,-46.6515499,-23.5712063
11/12/2020 01:20:04,-46.6515539,-23.5712041
11/12/2020 01:20:14,-46.6515598,-23.5712007
11/12/2020 01:20:24,-46.6515614,-23.5711995
11/12/2020 01:20:34,-46.6515628,-23.5712042
11/12/2020 01:20:45,-46.6515597,-23.5712056
11/12/2020 01:20:54,-46.6515571,-23.5712091
11/12/2020 01:21:04,-46.651542,-23.5712251
11/12/2020 01:21:14,-46.6515423,-23.5712257
11/12/2020 01:21:24,-46.6515553,-23.5712182
11/12/2020 01:21:34,-46.6515607,-23.5712268
11/12/2020 01:21:44,-46.6515635,-23.5712194
11/12/2020 01:21:54,-46.6515668,-23.5712149
11/12/2020 01:22:04,-46.6515677,-23.5712119
11/12/2020 01:22:14,-46.6515619,-23.5712267
11/12/2020 01:22:17,-46.65156319,-23.57120041
11/12/2020 01:22:24,-46.6515682,-23.5712129
11/12/2020 01:22:34,-46.6515666,-23.5712108
11/12/2020 01:22:43,-46.65156323,-23.57120053
11/12/2020 01:22:44,-46.6515723,-23.5712158
11/12/2020 01:22:46,-46.65156328,-23.57120061
11/12/2020 01:22:48,-46.65156328,-23.57120061
11/12/2020 01:22:55,-46.6515644,-23.5712245
11/12/2020 01:23:05,-46.6515652,-23.5712223
11/12/2020 01:23:12,-46.65156328,-23.5712008
11/12/2020 01:23:15,-46.6515655,-23.5712264
11/12/2020 01:23:17,-46.6515633,-23.57120093
11/12/2020 01:23:19,-46.6515633,-23.57120093
11/12/2020 01:23:21,-46.65156329,-23.57120093
11/12/2020 01:23:23,-46.65156329,-23.57120093
11/12/2020 01:23:24,-46.6515579,-23.5712316
11/12/2020 01:23:26,-46.65156327,-23.57120106
11/12/2020 01:23:29,-46.65156327,-23.57120106
11/12/2020 01:23:34,-46.65156327,-23.57120106
11/12/2020 01:23:35,-46.6515548,-23.5712291
11/12/2020 01:23:41,-46.65156323,-23.57120118
11/12/2020 01:23:50,-46.65156323,-23.57120118
11/12/2020 01:23:51,-46.6515571,-23.5712279
11/12/2020 01:23:51,-46.6515573,-23.5712262
11/12/2020 01:23:54,-46.6515632,-23.57120129
11/12/2020 01:23:59,-46.6515632,-23.5712013
11/12/2020 01:24:00,-46.6515554,-23.5712312
11/12/2020 01:24:16,-46.6515489,-23.5712344
11/12/2020 01:24:26,-46.6515457,-23.5712268
11/12/2020 01:24:36,-46.6515501,-23.5712269
11/12/2020 01:24:45,-46.65156297,-23.57120179
11/12/2020 01:24:46,-46.6515524,-23.5712241
11/12/2020 01:24:49,-46.65156293,-23.57120188
11/12/2020 01:24:52,-46.65156293,-23.57120188
11/12/2020 01:24:59,-46.6515537,-23.5712259
11/12/2020 01:25:09,-46.6515523,-23.5712225
11/12/2020 01:25:13,-46.65156283,-23.57120207
11/12/2020 01:25:19,-46.6515487,-23.5712202
11/12/2020 01:25:29,-46.65156277,-23.57120215
11/12/2020 01:25:30,-46.6515488,-23.5712195
11/12/2020 01:25:33,-46.65156271,-23.57120223
11/12/2020 01:25:37,-46.65156271,-23.57120223
11/12/2020 01:25:44,-46.6515444,-23.5712177
11/12/2020 01:25:54,-46.651548,-23.5712321
11/12/2020 01:26:04,-46.6515433,-23.5712196
11/12/2020 01:26:14,-46.651562,-23.5712079
11/12/2020 01:26:19,-46.6515625,-23.5712025
11/12/2020 01:26:24,-46.6515634,-23.5712153
11/12/2020 01:26:35,-46.65156249,-23.57120255
11/12/2020 01:26:36,-46.6515588,-23.5712202
11/12/2020 01:26:39,-46.65156248,-23.57120261
11/12/2020 01:26:43,-46.65156248,-23.57120261
11/12/2020 01:26:49,-46.65156248,-23.57120261
11/12/2020 01:27:00,-46.6515465,-23.5712237
11/12/2020 01:27:10,-46.6515475,-23.5712302
11/12/2020 01:27:20,-46.6515429,-23.5712366
11/12/2020 01:27:30,-46.6515443,-23.5712395
11/12/2020 01:27:40,-46.6515542,-23.5712295
11/12/2020 01:27:50,-46.6515557,-23.5712284
11/12/2020 01:27:53,-46.6515621,-23.57120333
11/12/2020 01:27:57,-46.6515621,-23.57120333
11/12/2020 01:28:00,-46.6515575,-23.571233
11/12/2020 01:28:04,-46.65156208,-23.57120346
11/12/2020 01:28:10,-46.65156208,-23.57120346
11/12/2020 01:28:11,-46.6515565,-23.5712279
11/12/2020 01:28:11,-46.651529,-23.5712104
11/12/2020 01:28:15,-46.65156203,-23.57120357
11/12/2020 01:28:20,-46.65156203,-23.57120357
11/12/2020 01:28:21,-46.6515508,-23.5712332
11/12/2020 01:28:37,-46.6515486,-23.5712277
11/12/2020 01:28:47,-46.6515395,-23.5712151
11/12/2020 01:28:57,-46.6515457,-23.571212
11/12/2020 01:29:07,-46.6515459,-23.5712145
11/12/2020 01:29:17,-46.6515462,-23.5712104
11/12/2020 01:29:27,-46.6515597,-23.5712161
11/12/2020 01:29:37,-46.6515578,-23.5712188
11/12/2020 01:29:47,-46.6515536,-23.5711978
11/12/2020 01:29:52,-46.65156162,-23.57120399
11/12/2020 01:29:57,-46.6515544,-23.5711963
11/12/2020 01:30:01,-46.65156159,-23.57120397
11/12/2020 01:30:06,-46.65156159,-23.57120397
11/12/2020 01:30:08,-46.6515484,-23.5712047
11/12/2020 01:30:12,-46.65156153,-23.57120398
11/12/2020 01:30:17,-46.65156153,-23.57120398
11/12/2020 01:30:18,-46.6515517,-23.571203
11/12/2020 01:30:22,-46.65156149,-23.57120397
11/12/2020 01:30:27,-46.65156149,-23.57120398
11/12/2020 01:30:28,-46.6515686,-23.5712152
11/12/2020 01:30:32,-46.65156151,-23.57120402
11/12/2020 01:30:37,-46.65156151,-23.57120402
11/12/2020 01:30:38,-46.6515705,-23.5712186
11/12/2020 01:30:42,-46.65156155,-23.57120407
11/12/2020 01:30:47,-46.65156155,-23.57120407
11/12/2020 01:30:48,-46.6515649,-23.5712234
11/12/2020 01:30:52,-46.65156156,-23.57120414
11/12/2020 01:30:57,-46.65156156,-23.57120414
11/12/2020 01:30:58,-46.6515743,-23.5712093
11/12/2020 01:31:03,-46.6515616,-23.57120416
11/12/2020 01:31:08,-46.6515616,-23.57120416
11/12/2020 01:31:09,-46.6515722,-23.5712119
11/12/2020 01:31:14,-46.65156164,-23.57120419
11/12/2020 01:31:23,-46.65156164,-23.57120418
11/12/2020 01:31:24,-46.6515719,-23.5712097
11/12/2020 01:31:29,-46.65156168,-23.5712042
11/12/2020 01:31:40,-46.6515673,-23.5712129
11/12/2020 01:31:50,-46.6515393,-23.5712162
11/12/2020 01:32:00,-46.6515432,-23.5712122
11/12/2020 01:32:10,-46.6515461,-23.5712106
11/12/2020 01:32:20,-46.6515422,-23.5712124
11/12/2020 01:32:30,-46.6515414,-23.5712134
11/12/2020 01:32:40,-46.6515412,-23.571205
11/12/2020 01:32:50,-46.6515431,-23.5712059
11/12/2020 01:33:00,-46.6515455,-23.5712049
11/12/2020 01:33:10,-46.6515415,-23.5712047
11/12/2020 01:33:20,-46.6515432,-23.5712015
11/12/2020 01:33:30,-46.6515452,-23.5712014
11/12/2020 01:33:40,-46.6515437,-23.5712008
11/12/2020 01:33:50,-46.6515478,-23.5712008
11/12/2020 01:34:00,-46.6515459,-23.5712034
11/12/2020 01:34:50,-46.6515482,-23.5712039
11/12/2020 01:34:59,-46.6515608,-23.571192
11/12/2020 01:35:09,-46.6515607,-23.5712072
11/12/2020 01:35:20,-46.6515475,-23.5712048
11/12/2020 01:35:29,-46.6515498,-23.5711969
11/12/2020 01:35:39,-46.6515536,-23.5711969
11/12/2020 01:35:49,-46.6515598,-23.5712013
11/12/2020 01:36:00,-46.6515658,-23.5711936
11/12/2020 01:36:09,-46.6515651,-23.5711979
11/12/2020 01:36:19,-46.651571,-23.5711988
11/12/2020 01:39:12,-46.6515286,-23.571229
11/12/2020 01:39:22,-46.6515383,-23.5712239
11/12/2020 01:39:32,-46.6515535,-23.5712215
11/12/2020 01:40:00,-46.651542,-23.5712082
11/12/2020 01:40:10,-46.6515433,-23.5712116
11/12/2020 01:40:20,-46.6515415,-23.5712099
11/12/2020 01:40:30,-46.6515443,-23.5712092
11/12/2020 01:40:40,-46.6515547,-23.5712017
11/12/2020 01:40:50,-46.6515548,-23.5712114
11/12/2020 01:41:00,-46.6515567,-23.5712058
11/12/2020 01:41:10,-46.6515568,-23.571208
11/12/2020 01:41:20,-46.6515544,-23.5712113
11/12/2020 01:41:30,-46.651555,-23.5712161
11/12/2020 01:45:01,-46,6513689,-23.5710786
11/12/2020 01:45:19,-46,6514669,-23.571175
11/12/2020 01:47:11,-46.6515379,-23.5712129
11/12/2020 01:47:21,-46.6515477,-23.5712032
11/12/2020 01:47:31,-46.6515483,-23.5712053
11/12/2020 01:47:41,-46.6515489,-23.5712092
11/12/2020 01:47:51,-46.6515631,-23.5712215
11/12/2020 01:48:01,-46.6515573,-23.5712259
11/12/2020 01:48:11,-46.651559,-23.5712241
11/12/2020 01:48:21,-46.6515556,-23.5712163
11/12/2020 01:48:31,-46.6515606,-23.571216
11/12/2020 01:48:41,-46.6515644,-23.5712161
11/12/2020 01:52:59,-46.6515567,-23.5712186
11/12/2020 01:53:14,-46.6515575,-23.5712204
11/12/2020 01:53:29,-46.6515554,-23.5712195
11/12/2020 01:53:45,-46.651557,-23.5712158
11/12/2020 01:53:55,-46.6515624,-23.5712107
11/12/2020 01:54:05,-46.6515605,-23.5711952
11/12/2020 01:54:15,-46.6515607,-23.5712171
11/12/2020 01:54:25,-46.6515542,-23.5712064
11/12/2020 01:54:35,-46.651553,-23.5712186
11/12/2020 01:54:40,-46.6515016,-23.57117479
11/12/2020 02:05:19,-46.6515491,-23.5712372
11/12/2020 02:05:29,-46.6515476,-23.5712379
11/12/2020 02:05:39,-46.6515473,-23.571233
11/12/2020 02:05:49,-46.6515525,-23.5712281
11/12/2020 02:05:59,-46.651556,-23.5712286
11/12/2020 02:06:03,-46.65159068,-23.57124741
11/12/2020 02:06:04,-46.65158965,-23.57125379
11/12/2020 02:06:05,-46.65156621,-23.57127123
11/12/2020 02:06:06,-46.65153869,-23.57128981
11/12/2020 02:06:07,-46.65151233,-23.57130415
